Firm,Career Opp,Comp Benefits,Senior Mgmt
The-Survey-Association,14,12,11
Achieving-for-Children,21,18,21
Somerset-Partnership-NHS-Foundation-Trust,29,33,32
Southern-Health-and-Social-Care-Trust,41,40,38
Engineering-and-Physical-Sciences-Research-Council,43,32,38
Western-Health-and-Social-Care-Trust,46,42,44
UHMBT,59,60,60
National-Star,75,67,66
LGT-Group,76,86,82
Sport-England,76,81,80
Companies-House,82,84,80
Time-Etc,191,172,182
AlixPartners,194,202,187
Gateley,215,209,235
Rathbone-Brothers,219,235,220
Barnett-Waddingham,221,209,238
Orbit-Group,227,241,218
ActionCOACH,228,215,228
Vets-Now,245,222,243
Covea-Insurance,262,238,249
Tengizchevroil,275,285,270
Michelmores,298,294,289
CityFibre,309,303,309
University-of-Huddersfield,324,322,305
Office-for-National-Statistics,424,419,432
University-of-York,424,423,458
University-of-the-West-of-England,448,459,441
Immediate-Media-Company,465,434,465
Lancaster-University,494,482,486
Wise,500,456,472
Robert-Walters,510,467,473
Kingsley-Healthcare,520,488,505
United-Utilities,526,600,488
University-of-Durham,541,513,493
Reassured,556,545,541
Abcam,567,535,585
London-Underground,578,657,464
Loughborough-University,598,572,584
University-of-Strathclyde,694,614,639
FirstPort,711,644,691
University-of-Bath,722,704,672
University-of-Liverpool,770,768,716
Citizens-Advice,772,674,789
University-of-Newcastle-UK,854,811,800
AXA-UK,883,903,833
University-of-Glasgow,939,933,937
Leaders-Romans-Group,950,859,931
LSE,979,902,845
Anglian-Water,1072,1124,1060
CarShop-UK,1102,1091,1103
University-of-Bristol,1181,1101,1099
University-of-Southampton,1198,1150,1099
University-of-Birmingham,1262,1215,1179
Randstad,1286,1254,1291
Facebook,1306,1411,1240
Bullhorn,1396,1303,1317
University-of-Sheffield,1426,1374,1401
Sytner,1433,1407,1387
University-of-Leeds,1458,1407,1398
Taylor-Wimpey,1483,1527,1503
University-of-Warwick,1562,1425,1376
University-of-Edinburgh,1758,1685,1647
University-of-Nottingham,1764,1667,1631
Unity-Technologies,1835,1903,1809
XPO-Logistics,1995,1810,1913
University-of-Manchester,2059,1921,1844
Dynatrace,2146,2231,2145
Northern-Gas-and-Power,2274,2302,2267
The-Church-of-Jesus-Christ-of-Latter-day-Saints,2376,2707,2614
Rentokil-Initial,3083,2939,2951
Oliver-Wyman,3153,3152,2826
University-College-London,3231,2885,2825
Nando-s-UK-and-IRE,3293,3219,3199
University-of-Cambridge,3362,2767,2903
Oxford-University,3493,2944,3059
Ryan-LLC,4215,4113,4204
Imperial-College-London,4462,3923,3826
University-of-Michigan,11044,11088,10411
Boston-Consulting-Group,11988,12019,10626
LinkedIn,12820,13840,12807
Bain-and-Company,14271,13935,13399
McKinsey-and-Company,18436,17804,16404
Salesforce,29505,31489,27965
Google,47762,51038,44823
SAP,51221,53293,48439
Apple,61748,71896,61171
