headline_1_words,headline_1_count,pros_1_words,pros_1_count,cons_1_words,cons_1_count,headline_2_words,headline_2_count,pros_2_words,pros_2_count,cons_2_words,cons_2_count,headline_3_words,headline_3_count,pros_3_words,pros_3_count,cons_3_words,cons_3_count,headline_4_words,headline_4_count,pros_4_words,pros_4_count,cons_4_words,cons_4_count,headline_5_words,headline_5_count,pros_5_words,pros_5_count,cons_5_words,cons_5_count
work,813,good,2246,work,2851,good,965,good,3505,work,2762,good,6026,good,12073,work,6339,good,13457,good,19656,work,8665,great,15100,work,16260,work,6802
company,596,work,1312,management,2788,work,818,work,2046,management,2585,work,3018,work,7276,management,4114,great,9246,work,14258,hours,5448,work,11311,good,16093,hours,4534
management,418,people,773,people,1484,great,508,people,1315,pay,1392,great,2261,great,4722,hours,3461,work,8716,great,11672,long,4106,company,9408,great,16062,cons,4422
good,414,great,640,pay,1251,company,502,great,1311,hours,1242,company,2187,people,3840,pay,3088,company,6751,people,6322,pay,3349,place,8304,people,6787,long,3515
bad,406,none,616,company,1230,management,474,benefits,926,people,1108,place,1871,benefits,2836,long,2395,place,6362,benefits,5351,balance,3345,good,7873,culture,6545,none,3254
worst,394,pay,594,staff,1099,poor,407,nice,798,poor,1071,job,1371,pay,2235,balance,2207,job,1752,culture,4834,management,3256,best,2582,company,6307,nothing,2955
place,384,nice,565,managers,1049,place,379,pay,760,managers,948,ok,1189,nice,2009,low,2160,experience,1699,environment,4465,salary,2992,culture,1741,benefits,5670,company,2912
poor,313,company,544,get,1031,job,373,job,585,get,866,experience,901,flexible,2003,salary,2119,culture,1422,opportunities,4216,life,2702,amazing,1588,environment,5058,working,2584
terrible,300,benefits,502,hours,953,bad,362,flexible,577,company,861,bad,763,environment,1962,life,1876,career,1317,company,4025,working,2589,job,1430,opportunities,4392,sometimes,2485
culture,292,nothing,464,employees,934,ok,290,working,577,staff,841,review,729,company,1955,poor,1809,working,1059,balance,3966,get,2447,excellent,1363,balance,4265,think,2412
avoid,254,pros,459,poor,926,pay,267,company,532,bad,777,okay,690,working,1940,much,1729,nice,1035,working,3570,low,2293,experience,1260,working,3680,time,2129
awful,248,free,452,like,887,experience,265,hours,497,low,752,pay,682,balance,1788,get,1710,review,1020,pay,3303,much,2287,working,959,team,3594,balance,1974
job,230,working,445,bad,852,culture,261,free,478,long,738,decent,622,opportunities,1786,people,1708,people,998,flexible,3251,company,2225,career,912,life,3465,good,1965
great,201,job,433,working,851,life,203,get,454,working,733,balance,612,team,1621,working,1551,start,986,life,3217,sometimes,2092,environment,886,place,3423,get,1879
horrible,183,get,388,culture,824,review,203,team,429,employees,730,management,591,hours,1567,company,1469,environment,971,team,3216,time,2046,people,867,pay,3130,pay,1876
toxic,183,food,347,job,773,balance,182,staff,416,balance,682,life,585,culture,1534,lack,1408,overall,957,nice,2829,good,1730,nice,859,friendly,2860,salary,1756
experience,181,staff,345,even,752,okay,178,colleagues,409,culture,674,career,573,life,1498,time,1362,balance,876,learning,2732,lot,1719,review,793,management,2705,hard,1706
pay,178,colleagues,311,time,746,working,162,balance,407,salary,666,working,568,job,1491,managers,1336,life,838,friendly,2728,hard,1646,awesome,785,flexible,2639,much,1690
ever,157,salary,310,team,680,terrible,156,salary,402,time,665,culture,565,learning,1393,bad,1318,decent,677,place,2382,slow,1635,employer,774,career,2535,life,1613
life,144,hours,288,care,602,people,151,environment,390,lack,648,people,534,friendly,1330,staff,1232,benefits,670,learn,2077,less,1563,life,595,nice,2414,management,1467
environment,130,time,285,everything,596,salary,145,opportunities,380,job,638,salary,522,learn,1179,good,1211,pay,663,career,2036,people,1555,balance,559,best,2380,great,1441
working,122,discount,274,one,592,long,142,decent,370,much,635,start,510,colleagues,1142,lot,1171,best,627,management,2026,many,1498,fantastic,521,learning,2369,really,1347
people,121,team,266,good,585,career,139,experience,361,life,616,average,425,experience,1142,many,1137,learn,618,hours,2025,career,1476,start,521,amazing,2063,lot,1341
away,109,place,233,much,581,environment,129,time,352,team,581,poor,412,salary,1128,job,1084,opportunities,616,salary,1973,growth,1458,opportunities,509,salary,2041,slow,1288
review,96,think,226,life,566,hours,125,easy,350,good,574,environment,393,get,1109,career,1067,learning,563,lots,1933,lack,1392,benefits,488,growth,1999,could,1272
stay,93,office,225,low,549,best,124,friendly,348,like,540,nice,386,lot,1096,culture,1047,salary,549,job,1841,difficult,1391,love,449,employees,1988,times,1230
balance,92,really,222,would,548,low,120,food,342,many,514,benefits,348,lots,1029,growth,1027,employer,519,training,1819,times,1303,learn,431,staff,1819,many,1216
recommend,92,flexible,217,many,529,much,105,life,339,even,495,hours,320,staff,1012,employees,1015,team,506,colleagues,1744,high,1299,manager,406,learn,1755,low,1143
employees,87,brand,205,lack,529,average,105,lot,322,lot,465,manager,319,easy,970,team,1012,bad,483,lot,1686,cons,1260,learning,405,training,1728,job,1126
staff,82,experience,203,manager,516,growth,101,discount,311,manager,432,long,316,training,965,hard,977,ok,470,staff,1661,job,1259,team,400,really,1686,difficult,1118
like,81,decent,197,salary,514,time,96,learning,309,environment,425,overall,313,time,956,high,915,time,443,experience,1647,could,1203,workplace,382,lots,1683,bad,1104
run,81,life,194,long,488,meh,94,learn,288,leadership,414,learning,305,place,947,little,888,manager,402,opportunity,1502,poor,1180,one,355,colleagues,1635,busy,1094
ok,79,balance,194,environment,476,team,94,office,275,career,411,team,298,decent,916,less,874,excellent,389,growth,1425,bad,1139,firm,352,job,1612,people,1084
would,79,friendly,194,balance,472,worst,88,training,272,little,410,first,286,career,910,like,852,management,376,flexibility,1327,team,1132,grow,350,excellent,1592,high,1047
worked,78,management,194,day,471,better,83,brand,253,care,396,time,282,management,832,politics,834,first,357,get,1315,busy,1082,ibm,349,hours,1565,big,1025
time,78,home,187,never,449,recommend,83,lots,251,one,390,big,265,exposure,828,slow,807,growth,355,time,1261,opportunities,1071,growth,310,development,1528,less,1001
dont,77,easy,187,place,431,manager,82,place,231,senior,375,better,259,free,805,sometimes,801,opportunity,334,exposure,1210,managers,1035,salary,305,employee,1520,need,880
salary,77,name,176,training,428,leadership,82,culture,230,high,375,low,251,opportunity,732,progression,783,grow,329,employees,1177,progression,1010,overall,292,support,1517,growth,880
low,75,environment,173,senior,423,toxic,80,home,222,support,374,opportunities,250,flexibility,676,customers,750,friendly,327,projects,1158,little,991,friendly,282,supportive,1470,career,872
care,74,like,168,years,413,staff,79,really,215,training,344,much,248,food,669,difficult,730,hard,318,development,1132,pressure,982,ever,277,lot,1455,like,832
career,73,big,164,toxic,405,like,78,big,213,years,330,hard,230,discount,647,opportunities,724,ibm,315,employee,1112,like,981,employee,276,experience,1405,bit,791
leadership,66,bad,153,hr,401,employees,78,management,202,customers,325,learn,224,projects,607,environment,689,firm,314,well,1027,big,977,time,260,opportunity,1385,large,781
hours,65,money,151,make,397,big,77,opportunity,195,day,321,growth,223,fun,596,even,647,hours,312,really,1010,great,976,pay,254,time,1308,place,752
politics,61,learning,151,terrible,397,horrible,75,name,194,growth,321,sales,211,new,588,really,645,senior,308,supportive,991,nothing,973,opportunity,249,well,1278,say,738
join,58,location,145,leadership,392,senior,75,fun,190,hard,319,best,209,home,587,always,637,big,304,easy,985,politics,947,really,241,leadership,1197,better,733
employer,55,much,142,support,386,start,74,career,186,politics,308,senior,197,brand,587,manager,631,analyst,300,best,978,culture,912,analyst,224,flexibility,1159,far,731
much,53,employees,142,career,369,care,70,location,186,new,306,alright,195,office,566,leadership,624,amazing,292,decent,959,staff,901,management,222,get,1127,always,727
worth,53,one,140,know,363,first,70,exposure,182,never,302,get,189,big,564,enough,614,long,292,new,949,need,899,supportive,214,care,1107,team,723
never,53,opportunities,139,customers,362,managers,68,clients,182,make,302,ibm,187,well,551,great,604,flexible,273,many,944,employees,888,sales,214,new,1089,lots,706
long,53,culture,136,every,359,get,68,many,181,really,287,could,182,really,534,senior,593,workplace,269,support,939,really,881,senior,211,always,1066,little,701
overworked,51,learn,135,worked,350,awful,67,employees,179,terrible,286,lot,181,different,517,pressure,589,solid,267,excellent,920,limited,881,brilliant,208,fun,1063,opportunities,700
managers,50,training,133,want,347,opportunities,67,well,175,always,280,fine,171,clients,508,lots,587,employee,265,interesting,901,always,865,employees,205,grow,1022,pressure,693
manager,50,lot,131,take,342,politics,65,money,167,would,280,depends,171,interesting,506,times,570,associate,263,different,883,better,861,worked,203,many,987,environment,679
get,50,lots,123,new,338,benefits,64,new,163,less,280,part,168,employees,478,years,555,sales,260,fun,882,customers,852,wonderful,202,projects,875,customers,653
sucks,50,paid,123,nothing,331,employee,64,flexibility,158,progression,274,audit,160,many,461,busy,554,part,259,amazing,849,lots,838,first,199,atmosphere,848,experience,646
employee,49,many,118,worst,329,nice,64,different,149,benefits,262,assistant,154,growth,444,training,549,lots,257,perks,772,compensation,772,customer,198,managers,840,lack,644
bullying,45,new,114,high,322,worth,62,projects,145,business,261,lots,152,employee,423,benefits,533,okay,254,grow,761,environment,755,assistant,195,perks,826,change,619
best,44,ok,112,politics,318,decent,61,interesting,145,know,257,analyst,150,development,400,compensation,523,consultant,253,smart,756,projects,743,organization,195,professional,815,find,610
high,43,well,110,office,307,hard,61,like,144,every,255,deloitte,144,smart,395,level,519,fun,252,office,748,none,741,engineer,194,interesting,812,stressful,579
one,42,say,110,lot,303,would,59,nothing,139,hr,251,employer,142,skills,381,stressful,514,better,249,atmosphere,740,bit,704,fun,193,free,772,may,574
lack,41,exposure,105,really,300,support,58,make,138,expected,247,consultant,141,fast,380,limited,511,deloitte,246,free,737,promotion,700,associate,190,diversity,768,limited,560
team,41,else,100,go,289,avoid,56,perks,126,place,245,ey,140,name,369,make,509,get,237,clients,724,stressful,697,business,188,smart,762,employees,549
better,40,pro,97,little,288,training,56,paid,124,enough,237,years,138,perks,366,promotion,507,lot,223,home,707,change,697,consultant,187,values,757,due,544
growth,38,fun,94,year,284,term,55,managers,124,toxic,236,progression,136,best,366,support,506,pretty,221,always,697,benefits,683,development,172,like,749,processes,519
years,38,lovely,92,horrible,284,stressful,54,coworkers,122,also,234,staff,135,support,365,need,506,audit,208,skills,690,workload,672,positive,170,progression,733,fast,512
bother,37,leave,92,employee,283,lack,54,ok,120,level,231,high,134,amazing,352,new,487,assistant,207,leadership,666,internal,665,organisation,169,awesome,713,workload,510
worse,36,best,92,experience,278,stay,54,health,119,pressure,230,meh,131,always,345,could,478,ey,206,big,653,overtime,656,part,169,everyone,711,things,510
progression,35,flexibility,92,way,276,ibm,51,employee,114,lots,230,mcdonald,131,managers,344,year,474,development,196,managers,650,manager,655,deloitte,167,easy,700,would,507
recommended,35,make,91,without,274,could,49,fast,112,take,230,associate,130,money,341,day,472,consulting,192,professional,644,due,654,top,166,strong,694,progression,505
political,35,cv,91,also,272,lot,49,pros,111,employee,228,like,129,location,340,one,467,one,185,teams,626,business,645,student,163,different,676,process,505
hard,34,managers,91,paid,271,assistant,48,discounts,111,everything,227,slow,126,atmosphere,331,often,465,awesome,181,high,624,think,639,perfect,153,exposure,672,best,503
senior,34,better,87,say,262,little,48,smart,111,year,226,mixed,123,supportive,331,care,457,fast,179,discount,621,new,636,values,153,compensation,664,office,494
costs,34,worked,87,bullying,261,underpaid,48,much,111,teams,222,starting,123,schedule,330,business,451,business,177,brand,613,large,636,sap,153,one,662,competitive,493
office,33,career,85,give,261,overworked,47,resume,110,want,221,flexible,120,coworkers,328,big,446,student,172,diversity,613,enough,633,years,152,business,661,one,489
nothing,33,friends,84,need,260,money,46,one,110,opportunities,220,fast,116,global,322,bonus,445,challenging,172,strong,611,years,628,university,150,home,655,everything,480
support,33,thing,83,leave,254,want,46,customers,107,way,218,politics,116,like,319,workload,443,years,170,progression,591,often,625,service,149,high,648,ca,478
okay,33,clients,83,hard,254,high,44,worked,106,well,218,mcdonalds,116,high,317,change,438,low,169,compensation,587,process,620,flexible,149,office,639,new,476
pathetic,33,day,82,money,253,old,44,business,105,office,216,opportunity,112,teams,316,projects,437,customer,167,fast,582,make,618,support,149,food,636,politics,469
underpaid,33,coworkers,82,rude,252,audit,43,always,105,paid,213,corporate,112,start,312,teams,428,pwc,158,care,574,compared,608,ey,148,skills,635,culture,467
money,32,projects,81,things,252,sales,43,friends,101,rude,211,little,110,available,306,internal,416,well,157,food,573,level,599,lots,147,helpful,634,internal,466
rubbish,32,employee,81,awful,251,ey,43,schedule,101,worked,209,firm,110,excellent,305,better,416,positive,156,like,554,competitive,593,loved,146,help,632,staff,461
waste,32,different,81,always,249,mcdonalds,43,amazing,101,without,203,cons,109,diversity,302,office,414,poor,154,technology,549,leadership,590,hard,143,fantastic,626,business,459
corporate,32,manager,80,health,248,alright,42,bonus,100,great,199,pwc,109,large,302,every,411,service,153,bonus,542,market,590,software,143,love,606,compensation,459
values,32,discounts,80,business,245,lots,41,overtime,98,experience,197,employee,108,make,301,rude,410,engineer,152,diverse,527,teams,582,big,141,competitive,593,projects,455
workplace,32,level,79,ever,244,firm,41,shift,97,need,195,fun,107,travel,296,overtime,407,progression,151,business,524,senior,578,professional,140,teams,585,enough,451
nice,32,health,78,well,243,progression,40,large,97,money,192,business,107,bonus,288,compared,399,training,151,competitive,516,things,566,staff,136,inclusive,558,move,448
mcdonalds,32,customers,77,expected,241,expect,40,day,96,extremely,192,role,106,technology,286,market,396,much,150,helpful,510,hike,560,pwc,133,family,556,benefits,446
big,31,resume,75,back,240,number,40,global,96,overtime,191,term,105,overtime,276,development,393,exposure,150,available,489,processes,551,solid,132,fast,544,anything,445
unprofessional,30,travel,75,everyone,231,service,40,meet,96,slow,189,customer,104,compensation,272,experience,388,organization,148,global,470,shifts,547,decent,130,feel,534,promotion,441
please,29,want,72,treated,228,learning,40,skills,94,often,186,leadership,104,much,271,also,383,interesting,146,resources,461,one,537,better,129,everything,533,challenging,437
hr,29,find,72,made,227,years,39,pension,93,could,185,less,101,industry,269,paid,382,employees,144,within,441,experience,536,audit,122,technology,528,companies,434
sales,29,pension,72,months,226,depends,39,want,93,leave,185,terrible,100,paid,268,way,378,high,144,industry,438,lower,532,well,121,ibm,519,shifts,431
assistant,28,amazing,71,anything,225,oracle,39,teams,93,things,184,expect,99,manager,267,old,376,support,141,help,438,training,531,lovely,120,also,518,make,429
health,28,interesting,71,enough,217,part,38,leave,93,difficult,184,easy,99,grow,264,employee,373,depends,141,around,436,year,523,consulting,119,within,516,managers,428
really,28,opportunity,71,told,214,political,38,best,92,done,183,oracle,99,diverse,263,shifts,371,students,140,health,432,take,522,world,119,focus,515,feel,414
service,28,hard,70,progression,213,overall,38,start,91,performance,183,pros,98,ok,257,well,371,average,139,make,432,move,517,new,118,make,501,compared,414
want,28,know,69,level,213,less,38,available,90,promotion,183,consulting,98,health,256,expected,367,really,139,challenging,426,project,516,rewarding,117,every,499,industry,409
racist,28,bonus,69,could,213,associate,38,none,90,old,182,retail,97,stable,256,process,367,staff,138,values,423,even,509,like,117,diverse,498,organization,402
little,27,go,68,less,212,office,37,support,90,change,179,students,97,around,255,take,364,retail,134,one,418,industry,504,cares,117,clients,497,take,396
horrendous,27,days,68,expect,210,role,37,manager,90,development,179,grow,97,customers,255,would,363,kpmg,134,start,414,feel,501,fast,111,world,490,years,392
go,27,perks,68,growth,208,go,36,high,89,bonus,178,enough,96,hard,252,things,353,like,133,coworkers,412,may,490,care,110,challenging,486,poor,391
average,27,every,68,due,207,well,36,lovely,88,due,175,service,96,part,252,terrible,347,slow,132,travel,408,quite,490,recommend,110,big,485,quite,390
could,26,meet,67,left,206,learn,35,think,88,times,175,employees,96,helpful,251,sales,347,starting,132,schedule,403,bonus,489,training,109,worked,477,season,390
deloitte,26,made,67,think,206,crew,35,travel,88,workload,174,lack,96,progression,249,shift,341,stable,131,large,395,office,489,apple,107,personal,456,teams,381
analyst,25,long,64,benefits,199,enough,34,around,86,constantly,173,fair,92,business,248,communication,340,4,128,hard,388,support,486,microsoft,107,open,452,still,378
way,25,insurance,64,else,199,nothing,34,long,86,within,173,training,92,pension,246,due,339,corporate,127,overall,382,season,474,google,107,hard,448,changes,376
ey,25,positive,63,constantly,194,one,33,part,85,go,173,need,90,first,245,move,336,supportive,125,also,382,shift,470,incredible,105,part,447,negative,371
ibm,25,shift,63,got,189,change,33,development,83,role,173,stay,90,friends,244,performance,334,oracle,122,knowledge,376,bureaucracy,469,role,100,around,443,role,371
mcdonald,25,ever,62,mental,187,short,32,industry,83,made,170,student,89,professional,243,role,332,organisation,121,manager,373,structure,465,colleagues,99,health,432,con,370
meh,24,around,62,treat,187,needs,32,better,82,feel,169,4,89,overall,242,hr,326,could,121,location,373,development,464,atmosphere,97,cares,432,often,368
give,24,anything,62,given,186,dont,32,okay,82,communication,169,exposure,88,leave,240,know,325,right,121,firm,368,place,462,family,96,top,426,level,363
old,24,firm,62,number,186,kpmg,32,shifts,81,projects,169,brand,87,strong,240,within,321,role,121,better,366,changes,459,ok,96,manager,422,market,363
boring,24,business,61,times,185,mcdonald,32,days,79,better,168,many,86,discounts,239,promotions,319,easy,121,leave,363,day,454,leadership,95,day,420,might,358
respect,23,smart,61,done,183,customer,31,diversity,78,internal,166,workplace,86,pretty,238,feel,316,professional,118,variety,358,role,440,lot,95,industry,414,travel,355
think,23,okay,60,put,182,business,31,first,78,stressful,163,stressful,84,client,237,place,314,new,118,move,356,within,438,hours,94,things,410,day,351
mental,23,absolutely,60,around,182,starting,31,hard,78,customer,162,large,84,variety,232,hike,312,many,115,things,355,old,437,research,94,develop,408,lower,350
lot,23,years,60,issues,181,brand,31,compensation,77,different,162,needs,83,competitive,229,never,310,perks,114,paid,354,depends,433,companies,93,discount,404,shift,349
beware,23,lunch,60,pressure,181,tech,30,package,77,number,161,well,82,help,229,worked,308,rewarding,112,inclusive,350,best,427,developer,91,customer,392,know,345
used,23,pretty,59,department,180,fine,30,helpful,77,sales,161,want,82,days,224,boring,308,colleagues,109,internal,349,promotions,426,perks,90,bonus,390,see,338
expect,23,high,59,3,180,really,30,growth,76,big,158,level,82,meet,220,want,305,software,109,focus,344,would,414,long,90,positive,388,tough,338
new,23,things,59,first,178,many,30,care,76,process,158,interesting,79,resources,220,opportunity,301,large,108,technologies,342,well,409,cool,89,much,386,overtime,337
decent,22,ca,59,zero,178,deloitte,30,cv,76,given,156,used,79,young,217,lower,299,bank,107,everyone,339,based,407,bad,88,decent,383,well,336
shocking,22,even,59,respect,177,used,29,excellent,75,back,155,money,78,things,216,structure,299,paced,106,plenty,338,salaries,405,develop,88,customers,379,come,331
benefits,22,looks,58,days,177,fast,29,times,75,nothing,155,compensation,78,within,214,project,296,fair,106,client,338,also,403,get,88,global,379,year,329
paid,22,care,58,extremely,175,department,29,products,73,horrible,155,worked,77,shifts,213,nothing,295,fine,105,part,336,communication,403,tech,86,lovely,374,yet,327
incompetent,22,first,57,better,174,slow,29,technology,73,constant,155,development,76,better,212,changes,294,mcdonalds,105,pension,336,average,398,strong,85,want,374,covid,325
stress,21,could,57,teams,173,run,28,pretty,72,shift,154,old,76,products,212,best,293,tax,104,open,336,corporate,395,kpmg,85,years,373,needs,323
stressful,21,fast,57,still,172,boring,28,diverse,72,based,154,new,76,international,210,top,290,fantastic,103,money,333,roles,389,retail,84,better,372,demanding,318
take,21,support,57,colleagues,172,compensation,28,stable,72,project,152,kpmg,76,day,209,room,289,technology,102,package,329,expected,388,specialist,84,brand,365,home,317
need,21,would,57,within,172,bullying,28,things,71,busy,151,stable,75,plenty,203,political,289,love,101,family,328,opportunity,386,high,83,resources,365,project,317
disappointing,21,4,55,2,172,paid,28,level,70,issues,150,friendly,75,want,202,without,288,compensation,100,senior,327,still,381,super,80,senior,362,different,316
say,21,see,55,top,170,eh,28,firm,70,turnover,150,organization,75,paced,201,done,287,cons,99,products,324,boring,380,far,79,inclusion,359,every,311
even,21,sometimes,54,customer,166,employer,28,insurance,70,months,149,change,75,security,199,stress,285,industry,98,worked,321,different,380,na,78,overall,354,expected,308
rude,21,large,54,opportunities,166,never,28,wage,69,expect,148,tough,74,knowledge,199,everything,284,global,98,overtime,321,stress,379,challenging,78,available,346,moment,307
business,21,available,53,often,165,pwc,28,security,69,processes,148,difficult,73,shift,198,processes,284,atmosphere,97,network,321,heavy,377,highly,78,first,345,structure,307
training,21,skills,52,another,164,opportunity,27,help,69,help,147,support,72,worked,198,days,282,tech,97,international,320,firm,376,services,77,paid,344,found,305
associate,21,members,50,help,163,student,27,market,69,put,147,office,71,long,196,quite,280,mcdonald,97,develop,318,hikes,375,happy,75,products,339,days,300
unless,20,worst,50,change,163,easy,27,supportive,68,days,144,starter,71,one,196,given,279,pros,89,fair,316,needs,373,oracle,75,plenty,337,training,294
first,20,help,50,communication,163,difficult,27,bad,68,sometimes,144,solid,71,generally,194,competitive,279,make,88,security,306,companies,371,year,74,coworkers,336,bureaucracy,293
nightmare,20,holidays,49,end,162,consultant,27,facilities,67,anything,143,pretty,71,firm,194,average,279,alright,87,young,305,focus,369,mcdonalds,74,technologies,335,manager,288
back,20,also,49,sales,162,need,26,service,66,give,142,bank,71,network,192,go,278,project,87,every,304,employee,368,interesting,73,leave,333,mind,288
cost,20,service,49,feel,161,new,26,within,66,end,141,challenging,70,level,191,industry,276,brand,87,top,302,progress,367,students,73,firm,332,issues,279
firm,20,always,49,week,160,room,26,able,64,getting,140,short,70,every,189,based,274,level,86,service,302,depending,367,pretty,73,take,332,leadership,278
diversity,20,shifts,49,making,160,corporate,26,years,63,left,139,tech,69,care,186,especially,272,values,86,want,302,fast,366,inclusive,72,collaborative,330,within,275
consulting,20,gym,49,bonus,159,development,26,world,63,everyone,139,industry,69,leadership,183,higher,270,skills,85,world,295,every,366,global,72,money,323,hike,275
zero,20,holiday,49,jobs,158,full,26,young,62,top,139,crew,69,service,180,expectations,266,strong,85,awesome,293,technology,363,mcdonald,71,workplace,316,right,273
well,19,got,49,going,157,worked,26,competitive,62,2,138,software,68,project,178,progress,264,tough,83,days,292,rude,362,would,70,role,315,late,272
treatment,19,overtime,48,us,155,make,25,move,62,treated,136,right,67,package,177,extremely,264,university,83,customer,291,tough,357,build,70,pandemic,315,takes,271
poorly,19,wage,47,person,154,tough,25,offices,61,especially,136,managers,66,lovely,177,expect,258,competitive,82,first,291,find,352,intern,70,covid,311,opportunity,264
number,19,growth,47,getting,154,else,25,year,61,market,136,really,65,insurance,175,corporate,256,term,82,much,290,sales,352,exciting,69,progress,311,roles,263
apply,19,role,46,old,154,back,24,workers,61,compensation,136,financial,65,etc,174,end,255,year,81,day,289,performance,349,data,67,organization,310,want,262
less,19,professional,46,based,154,away,24,average,61,awful,135,department,64,customer,174,salaries,252,sap,81,shifts,289,higher,348,enjoyable,67,knowledge,309,bonus,262
india,19,compensation,46,firm,154,way,24,sometimes,60,say,134,worth,64,facilities,173,money,250,lovely,80,paced,288,way,347,bank,67,community,308,depends,261
pwc,19,coffee,46,away,153,level,24,could,60,promotions,134,project,64,resume,173,short,250,services,80,positive,287,short,345,5,66,service,307,salaries,261
crap,18,industry,45,role,153,technology,24,access,59,making,134,nothing,64,industries,172,focus,249,busy,79,personal,285,days,345,progression,66,leaders,305,old,261
pressure,18,products,45,skills,153,sucks,24,atmosphere,59,shifts,133,tax,64,busy,167,hikes,249,college,79,role,283,challenging,345,make,65,caring,301,weekends,260
organisation,18,part,45,performance,152,workplace,23,variety,59,actually,133,amazing,63,holiday,165,leave,247,research,79,customers,283,late,342,tax,65,tech,299,keep,259
name,17,companies,45,store,152,stone,23,etc,59,still,133,limited,63,challenging,165,roles,247,na,79,project,281,say,341,technology,64,employer,296,heavy,258
wage,17,market,45,shift,152,mixed,23,also,59,worst,131,paid,62,move,165,issues,246,less,79,policies,281,especially,341,industry,64,package,293,easy,258
value,17,young,44,diversity,152,think,23,companies,59,structure,131,year,62,world,163,different,244,leadership,79,stable,279,tech,340,truly,64,innovative,293,everyone,257
unethical,17,senior,44,great,152,disappointing,23,holiday,58,department,130,would,62,access,162,back,244,flexibility,79,discounts,278,want,339,4,64,wonderful,292,tech,257
customer,17,year,44,service,151,value,23,else,58,3,129,make,62,also,162,technology,243,tesco,79,access,278,paid,337,caring,63,even,291,location,257
negative,17,global,44,stay,149,typical,23,members,58,limited,128,entry,62,technologies,161,toxic,242,enjoyable,78,across,278,done,337,nhs,63,room,291,rude,256
crew,17,used,43,system,148,zero,22,meals,58,overworked,127,typical,61,members,156,promoted,242,room,77,lovely,277,repetitive,334,project,62,fair,290,firm,255
oracle,17,start,43,call,148,everyone,22,customer,58,colleagues,127,engineer,61,internal,156,constant,242,specialist,77,companies,277,client,334,paced,62,schedule,289,paced,251
plague,16,provided,43,overtime,147,name,22,right,57,health,127,times,60,role,155,everyone,241,need,75,take,276,know,331,internship,62,start,288,higher,251
anyone,16,helpful,43,lots,147,stepping,22,lunch,57,around,127,colleagues,60,options,154,around,240,money,74,long,276,demanding,324,flexibility,62,companies,288,organisation,251
day,16,need,43,actually,146,join,22,every,57,promoted,127,excellent,60,year,153,getting,238,want,74,pretty,274,top,322,recommended,60,paced,287,depending,250
fast,16,little,42,projects,146,hr,22,4,57,systems,126,way,60,holidays,151,customer,235,advisory,74,workplace,274,organization,320,diverse,60,year,285,small,249
look,16,canteen,42,run,145,right,22,holidays,56,firm,126,underpaid,59,family,151,still,233,limited,73,facilities,273,room,318,starting,60,truly,283,also,247
opportunities,16,terrible,42,hour,143,know,21,progression,56,keep,125,technology,59,market,149,heavy,233,financial,73,ability,273,expectations,311,always,60,ever,280,support,247
organization,16,schedule,41,process,143,times,21,made,56,upper,124,boring,58,provided,149,turnover,233,projects,73,insurance,273,small,311,personal,59,move,276,stress,244
audit,16,everyone,41,last,142,internal,21,international,56,unless,124,worst,58,offices,148,making,232,develop,73,room,270,political,307,want,59,long,273,corporate,244
lots,16,within,41,workload,141,analyst,21,industries,56,told,124,one,57,workers,148,think,230,world,73,level,269,issues,306,still,59,level,270,sales,244
engineer,16,offices,40,targets,141,limited,21,busy,55,hour,124,paced,56,companies,148,may,230,developer,73,etc,267,travel,306,marketing,58,communication,268,learning,243
absolutely,16,store,40,anyone,141,longer,21,overall,55,skills,124,pressure,56,social,147,systems,227,stone,72,name,266,systems,303,corporate,58,way,268,communication,241
far,16,awful,40,development,141,colleagues,21,client,55,higher,123,services,56,ability,147,needs,226,position,72,benefit,263,go,301,tesco,58,etc,268,across,241
made,16,able,40,promotion,140,top,21,network,55,leaders,122,tesco,55,benefit,146,store,226,nhs,72,years,261,everything,300,innovative,57,focused,268,development,240
sucked,16,building,40,constant,140,pressure,21,strong,55,changes,122,position,54,4,146,bit,225,change,71,willing,260,making,296,proud,57,days,267,load,239
hell,15,remote,40,right,140,improvement,21,meal,55,room,122,perks,54,wfh,146,firm,224,build,71,members,260,hr,296,brand,57,facilities,267,overall,239
overall,15,vacation,40,keep,140,member,21,professional,55,political,122,school,54,right,145,made,223,top,71,tech,260,might,295,college,57,internal,264,go,238
minimum,15,low,39,clients,140,nhs,21,generally,54,expectations,121,member,54,everyone,144,amount,222,data,70,quality,258,around,293,skills,57,exciting,263,retail,238
discrimination,15,getting,39,different,139,students,20,students,53,minimum,121,busy,53,policies,143,companies,222,stepping,69,ibm,258,organisation,286,salesforce,57,quality,263,done,237
covid,15,enough,39,unless,138,cons,20,pro,53,technology,121,professional,53,cool,143,personal,221,little,68,fantastic,255,weekends,286,easy,56,across,261,learn,237
treated,15,package,39,leaders,137,everything,20,tech,53,real,120,bag,52,students,142,cons,217,things,67,covid,254,bureaucratic,283,enjoyed,56,market,260,technology,236
going,15,teams,39,covid,136,pretty,20,resources,53,store,120,market,52,take,141,large,216,cool,66,mobility,254,getting,282,places,56,innovation,260,comes,236
hate,15,breaks,38,higher,135,mediocre,20,paced,53,system,120,progress,51,relaxed,141,bureaucracy,216,wonderful,65,structure,253,deadlines,281,finance,56,large,260,based,235
got,15,give,38,promoted,135,look,20,even,53,us,119,care,51,able,139,bonuses,214,finance,65,social,251,easy,281,position,56,happy,258,systems,234
bank,15,something,38,best,134,process,20,talented,52,targets,118,stepping,51,tech,139,wage,214,full,65,community,250,end,280,smart,56,highly,257,promotions,234
leave,15,value,38,home,133,fun,20,thing,52,quality,117,na,51,years,138,help,213,worked,64,friends,250,promoted,279,exposure,55,value,255,getting,233
software,15,workers,38,see,133,treated,20,got,52,move,117,organisation,51,wage,138,real,213,smart,64,year,246,learning,277,office,55,clear,253,senior,230
year,15,facilities,38,rather,132,consulting,20,social,51,focus,117,name,51,okay,138,client,212,crew,64,industries,243,hour,271,class,54,location,253,way,230
many,15,sales,38,1,132,college,20,find,51,best,115,food,51,across,138,grow,210,technical,63,curve,241,constant,267,citi,54,access,252,thing,228
favouritism,14,honestly,38,someone,130,ever,20,knowledge,51,short,114,employment,50,remote,138,learning,208,international,63,options,239,service,265,right,53,brilliant,248,complex,228
know,14,going,37,partners,130,looking,20,internal,51,got,114,flexibility,49,bad,136,minimum,208,expect,62,wide,239,department,264,graduate,53,process,248,mention,228
else,14,tech,37,members,129,recommended,20,store,50,rather,113,overworked,49,open,134,service,206,happy,62,talented,235,load,262,product,53,never,247,average,226
workload,14,starting,37,use,129,organisation,19,enough,50,first,113,stone,49,scheme,131,fast,205,enjoyed,62,generally,233,worked,262,fair,53,travel,247,pace,224
retail,14,access,37,something,129,flexible,19,pto,49,going,112,risk,49,average,131,department,204,starter,62,policy,233,takes,261,yes,52,variety,245,expectations,222
disorganised,14,due,37,minimum,129,organization,19,reasonable,49,almost,112,mediocre,49,starting,131,say,204,security,62,organization,233,certain,261,1,52,would,242,short,221
bullies,14,overall,37,project,129,position,19,gain,49,think,112,cashier,49,covid,131,repetitive,203,far,61,right,231,grow,259,school,52,international,242,especially,221
trash,14,literally,36,wage,128,minimum,19,product,49,personal,111,rewarding,48,positive,131,season,203,graduate,61,collaborative,230,flexible,257,quality,51,wellbeing,239,worked,220
compensation,14,uniform,36,internal,127,health,19,plenty,48,service,111,eh,48,events,130,diversity,203,risk,61,pto,227,far,257,food,51,need,238,part,218
term,14,dont,36,look,127,retail,19,would,48,stress,110,global,48,sometimes,129,unless,200,office,61,wfh,226,given,256,many,51,options,236,making,218
role,14,policy,36,find,127,4,19,go,48,bullying,110,internal,48,reputation,127,constantly,200,apple,61,range,226,without,255,executive,51,structure,235,certain,217
school,14,ability,36,personal,126,beware,18,401k,47,person,110,finance,48,roles,126,put,199,recommend,61,shift,224,personal,254,growing,51,teamwork,235,even,216
opportunity,14,average,35,big,126,admin,18,networking,47,opportunity,109,process,47,values,126,health,198,politics,60,holidays,223,diversity,254,superb,51,understanding,234,food,213
make,14,reputation,35,value,125,worse,18,building,46,client,108,room,47,various,126,system,198,stressful,60,able,223,expect,251,outstanding,50,willing,233,however,213
services,14,cons,35,dont,125,pros,18,vacation,46,covid,108,go,47,times,125,rather,197,operations,59,market,223,location,250,compensation,50,rewarding,232,bureaucratic,211
without,14,right,35,real,125,unprofessional,18,various,46,ever,107,product,47,senior,124,late,197,still,59,inclusion,223,system,247,crew,50,talented,232,na,211
tax,14,covid,34,avoid,123,friendly,18,wfh,46,roles,107,young,47,organization,124,hour,195,times,59,progress,220,huge,245,account,49,corporate,231,dont,210
based,13,cool,34,start,123,direction,18,willing,46,else,107,love,47,wide,122,advancement,194,assurance,59,roles,219,wage,244,focused,49,security,230,client,210
part,13,world,34,especially,123,middle,18,role,45,lower,107,improvement,45,multiple,122,horrible,194,hsbc,59,various,219,home,243,competitive,49,members,230,boring,206
slave,13,competitive,34,promotions,120,quality,18,technologies,45,week,106,cool,45,cv,121,bureaucratic,194,young,58,meet,217,bonuses,243,employers,49,policies,230,paid,206
colleagues,13,leadership,34,weeks,120,ship,17,coffee,44,jobs,106,looking,45,willing,120,weekends,193,family,57,corporate,213,customer,242,stable,49,super,227,available,206
global,13,move,34,difficult,119,bureaucratic,17,canteen,44,value,106,stress,45,product,120,tech,193,care,57,busy,210,position,242,program,49,pension,226,around,206
department,13,security,34,4,119,challenging,17,cool,44,weekends,105,recommend,45,sales,120,depends,193,advisor,57,feel,208,jobs,241,full,48,roles,224,employee,205
highly,13,excellent,34,market,118,risk,17,ability,44,boring,105,workload,44,gain,120,leaders,190,managers,57,value,208,covid,240,could,46,driven,224,progress,204
start,13,met,34,turnover,118,grow,17,give,44,needs,105,always,44,quality,120,understaffed,187,wlb,57,understanding,204,departments,238,home,46,discounts,221,real,204
level,13,never,33,absolutely,118,still,16,early,43,industry,104,competitive,44,nothing,119,number,184,school,57,communication,203,amount,237,driven,46,able,221,schedule,201
none,13,customer,33,5,118,entry,16,know,43,treat,103,expected,44,fair,119,upper,182,enough,56,exciting,199,leave,236,advisory,46,client,220,huge,200
reviews,13,plenty,33,used,117,cost,16,scheme,43,wage,103,atmosphere,44,compared,119,colleagues,182,difficult,56,networking,198,schedule,236,okay,45,given,219,grow,199
development,13,still,33,unprofessional,117,interesting,16,gym,43,clear,103,developer,44,reasonable,119,2,182,companies,56,bonuses,197,never,235,hotel,45,respect,219,ibm,199
process,13,site,33,join,117,india,16,need,43,amount,103,graduate,44,process,118,jobs,181,employment,56,build,197,week,233,none,45,research,218,flexible,197
joke,13,variety,33,talk,116,potential,16,see,43,etc,102,toxic,43,quite,118,organization,181,exciting,55,provides,193,levels,231,leader,44,welcoming,217,top,197
food,13,end,33,literally,116,getting,16,everyone,42,diversity,102,move,43,talented,118,outside,181,always,55,research,193,part,231,dream,44,ability,217,hectic,195
gsk,13,medical,33,thing,116,driven,16,breaks,42,compared,102,huge,43,pto,118,certain,179,entry,55,organisation,192,hectic,230,wlb,44,product,217,focus,191
kpmg,13,use,32,almost,115,based,16,relaxed,42,another,102,getting,43,given,116,give,178,department,55,provided,192,come,230,process,43,loved,215,specific,190
store,12,family,32,etc,115,school,16,family,42,line,101,hr,42,develop,115,home,177,accounting,55,clear,192,turnover,229,customers,43,organisation,214,end,189
leaders,12,left,32,reviews,114,young,16,looks,42,corporate,101,projects,42,solid,115,covid,177,would,54,love,190,4,227,worth,43,full,213,never,188
next,12,car,32,shifts,114,cashier,16,reputation,42,zero,100,skills,41,vacation,115,demanding,175,mixed,54,given,190,store,227,lead,43,huge,212,nice,187
total,12,honest,32,full,114,food,16,group,42,workers,99,worse,41,store,114,small,175,loved,54,huge,190,care,226,cashier,42,benefit,212,repetitive,186
communication,12,international,32,others,113,take,15,project,41,though,99,changes,41,depending,114,increase,174,needs,54,multiple,190,advancement,224,interview,42,network,211,downsides,186
friendly,12,take,32,client,113,industry,15,potential,41,look,99,going,41,community,114,keep,174,general,54,trainings,189,clients,223,technical,42,extremely,211,deadlines,186
professional,12,technology,32,complete,111,sinking,15,options,41,members,98,full,41,bonuses,113,find,174,banking,54,relaxed,188,increase,222,leading,42,incredible,210,performance,184
ethics,12,making,32,incompetent,111,progress,15,wide,41,poorly,97,operations,40,corporate,113,depending,173,product,54,gain,188,everyone,221,innovation,42,provides,208,consulting,183
0,12,401k,32,ask,110,bureaucracy,15,base,41,clients,97,advisory,40,fantastic,112,clear,173,focused,53,employer,188,per,220,marriott,42,insurance,208,pandemic,179
expectations,12,except,32,food,110,day,15,sick,40,use,97,top,39,made,112,none,172,citi,53,students,186,keep,219,advisor,41,impact,207,love,179
harassment,12,diversity,32,overworked,109,conditions,15,say,40,understaffed,96,nhs,39,room,112,value,172,inclusive,52,freedom,184,clear,218,dynamic,41,us,204,customer,178
full,12,reason,32,though,108,made,15,sales,40,salaries,95,advisor,38,amount,112,overworked,171,stay,52,stability,183,back,217,day,41,makes,204,improved,178
risk,12,etc,32,stress,108,every,15,use,40,call,94,still,38,go,111,week,171,growing,51,cares,183,minimum,217,covid,41,social,201,given,176
slow,12,resources,32,upper,108,soul,15,still,40,4,94,structure,38,depends,111,makes,171,quality,51,sales,182,outside,216,future,41,advancement,201,back,176
top,12,deloitte,32,systems,108,project,15,generous,40,find,94,resume,38,policy,111,etc,170,generally,51,even,180,number,214,projects,41,provide,199,room,175
possible,12,bank,31,try,108,move,15,process,40,direction,94,standard,37,curve,111,others,170,none,51,process,180,made,213,cloud,41,future,198,cant,174
every,12,roles,31,since,108,bother,15,positive,40,last,94,gain,37,base,110,position,167,internal,50,4,179,areas,213,employment,40,right,197,jobs,174
4,12,non,31,part,107,workload,15,fantastic,40,position,93,college,37,lunch,109,underpaid,166,process,50,ok,179,others,209,banking,40,kind,197,improve,174
salaries,11,lucky,31,come,107,constant,15,challenging,39,talk,93,bit,36,pressure,109,line,166,hr,50,advancement,179,longer,209,security,40,oriented,197,moving,174
clear,11,client,31,quality,107,clear,15,little,39,respect,92,everyone,36,networking,109,middle,164,point,50,highly,179,complex,209,operations,40,mobility,195,system,171
treat,11,project,31,despite,106,without,15,quite,39,someone,92,covid,36,way,108,quality,164,comfortable,50,based,178,flexibility,207,india,40,made,194,hikes,171
sexist,11,worth,31,wrong,104,engineer,15,less,39,stay,91,research,36,mostly,107,first,163,bit,49,events,178,makes,205,international,40,cool,193,makes,170
fake,11,central,31,roles,104,mental,15,college,39,used,90,political,36,range,107,us,163,looking,49,pandemic,176,anything,205,diversity,39,policy,189,per,169
modern,11,50,31,favouritism,104,expected,15,roles,38,progress,90,data,36,technical,107,far,163,pressure,49,product,176,paced,204,forward,39,know,189,changing,168
needs,11,politics,31,structure,104,data,15,starting,38,tech,90,point,36,trainings,107,right,162,gain,49,teamwork,175,extra,204,financial,39,takes,187,position,168
technical,11,generally,31,political,104,covid,15,close,38,bonuses,90,accounting,36,areas,106,skills,162,freshers,49,hr,174,red,204,centric,39,overtime,186,early,167
nepotism,11,social,30,organization,104,none,15,based,38,huge,89,3,36,breaks,106,extra,161,google,49,areas,174,extremely,203,level,39,growing,186,able,167
hostile,11,rate,30,workers,103,poorly,14,relatively,38,despite,89,lost,35,especially,106,food,161,diverse,48,path,174,ca,203,cons,39,times,182,though,167
soul,11,pandemic,30,tell,103,unorganised,14,take,38,favoritism,89,dont,35,build,105,gets,161,personal,48,vacation,174,learn,202,phd,39,challenges,182,holidays,166
pretty,11,10,30,position,102,leave,14,policies,38,unrealistic,88,marketing,35,enough,104,actually,160,platform,48,holiday,173,skills,202,assurance,38,freedom,182,required,166
industry,11,guess,30,seen,102,stress,14,depending,38,decisions,88,wlb,35,know,104,load,160,short,48,innovative,173,quality,202,feel,38,change,181,service,165
bureaucratic,11,diverse,30,two,102,large,14,peers,38,full,88,heavy,34,co,103,anything,159,highly,48,responsibility,172,changing,202,accounting,38,group,181,overwhelming,165
learning,11,break,30,extra,102,values,14,quick,37,heavy,88,jobs,34,extra,103,stay,159,worth,48,need,171,moving,201,purpose,37,back,180,help,164
direction,11,outside,30,busy,101,worklife,14,break,37,average,88,different,34,personal,103,departments,158,market,48,amount,171,required,199,pros,37,sales,180,since,164
headline,11,strong,30,amount,101,wage,14,events,37,partners,88,technical,34,value,103,3,158,client,48,especially,171,gets,199,managers,36,workers,179,constant,163
absolute,11,5,30,instead,101,year,14,provided,37,may,87,specialist,34,school,103,technical,158,microsoft,48,solid,169,positions,199,nothing,36,dynamic,179,non,163
technology,11,pays,30,stressful,101,line,14,higher,37,companies,86,personal,34,401k,102,call,157,demanding,47,promotion,169,decision,198,platform,36,real,178,decision,161
mess,11,maybe,30,line,100,marketing,14,way,37,part,85,positive,34,ibm,102,left,157,going,47,driven,168,tasks,197,real,36,project,177,promoted,161
disgusting,11,services,29,directors,100,unless,14,medical,37,come,85,banking,34,kind,101,almost,157,india,47,leaders,168,real,197,group,36,path,176,longer,160
cook,11,drinks,29,review,100,strategy,14,remote,37,breaks,85,auditor,34,annual,100,come,157,paid,46,way,168,though,197,young,36,potential,173,navigate,160
asda,10,supportive,29,may,99,advancement,14,amount,37,run,85,assurance,34,bank,100,targets,156,store,46,cool,167,holidays,196,digital,36,shifts,173,us,159
us,10,atmosphere,29,contract,99,customers,14,school,37,makes,84,hsbc,34,awesome,99,term,156,member,46,change,166,decisions,196,hsbc,36,provided,173,positions,158
person,10,hour,29,ca,99,starter,14,compared,36,pandemic,84,temporary,33,terms,98,clients,156,brilliant,45,services,164,across,196,times,35,look,172,issue,158
shift,10,everything,29,clear,98,please,14,given,36,grow,84,know,33,usually,98,learn,156,executive,45,remote,163,seems,195,thinking,35,go,171,expect,158
undervalued,10,knowledge,29,worse,98,resume,14,used,36,see,83,strategy,33,got,98,outdated,155,move,45,full,163,retail,194,collaborative,35,centric,171,major,157
looking,10,snacks,29,racist,98,workers,14,needed,36,extra,83,horrible,33,leaves,98,direction,155,dynamic,44,scheme,162,tape,194,community,35,give,170,going,156
group,10,least,29,non,98,hell,13,top,36,rate,83,family,33,need,98,organisation,154,typical,44,pressure,162,food,194,focus,35,gives,170,night,156
valued,10,hr,29,companies,97,2,13,organization,36,hike,83,expectations,33,even,97,breaks,153,join,43,annual,162,lost,193,progress,35,transparent,170,department,154
chaos,10,provide,29,speak,97,hour,13,allowance,35,outside,83,pays,33,provides,97,huge,153,old,43,401k,162,etc,193,fine,35,looking,168,competition,153
difficult,10,however,29,6,96,careful,13,extra,35,increase,83,issues,32,mobility,96,rate,152,go,43,education,161,2,192,director,34,curve,168,experienced,153
skills,10,quite,29,trying,96,tax,13,usually,35,seems,82,demanding,32,full,95,tasks,151,perfect,42,depends,160,right,192,go,34,students,168,money,153
na,10,allowance,29,compensation,96,5,13,healthcare,35,hire,82,worker,32,sick,95,got,150,mostly,42,starting,160,rather,189,recruitment,34,multiple,167,worth,153
gone,10,based,29,opportunity,96,financial,13,across,35,1,82,highly,32,varied,95,part,149,workload,42,base,157,manage,189,take,34,talent,166,till,152
employment,10,close,28,blame,95,advisory,13,benefit,35,organization,82,however,32,back,95,see,148,value,42,bank,156,us,187,pandemic,34,hr,166,red,152
consider,10,card,28,joke,95,things,13,co,35,tasks,82,quality,32,building,94,workers,147,leader,42,wage,156,become,186,every,34,something,166,clients,151
profit,10,us,28,break,95,bank,13,met,34,matter,81,general,32,stability,94,unrealistic,147,jobs,42,group,156,product,186,b,34,enjoy,165,leave,151
enough,10,product,28,pandemic,95,changing,13,10,34,next,81,hike,32,less,94,minimal,147,potential,42,approachable,155,path,185,risk,34,healthy,164,become,151
personal,10,full,28,processes,94,waste,13,student,34,product,81,citi,32,quickly,94,decisions,147,auditor,42,depending,155,give,185,looking,33,busy,163,outside,150
stars,10,minimum,28,sure,94,finance,13,areas,34,technical,80,companies,31,would,93,schedule,147,home,41,everything,155,targets,183,progressive,33,offers,163,levels,150
higher,10,times,27,leaving,94,mess,13,range,34,break,79,none,31,communication,93,seems,146,know,41,quite,155,going,183,hospitality,33,tools,163,first,150
twice,10,room,27,workplace,94,pays,13,love,34,late,79,pace,31,allowance,92,members,145,salaries,41,caring,155,money,182,money,33,holidays,162,wage,149
left,10,back,27,breaks,93,another,13,pressure,34,strategy,79,salaries,31,rate,92,strategy,145,diversity,41,extra,154,mobility,182,market,33,friends,162,lost,149
quality,10,gain,27,rate,93,technical,13,full,34,actual,79,direction,31,teamwork,92,per,144,2,41,intelligent,154,line,182,potential,33,build,162,amount,148
brand,10,may,27,school,93,tesco,13,leadership,34,advancement,79,2,31,college,92,flexible,143,cloud,41,dynamic,154,put,181,morgan,33,enjoyed,161,tiring,148
eh,10,development,27,taken,92,last,12,personal,33,raises,79,back,31,focus,92,levels,143,teams,40,focused,153,hierarchical,181,grad,32,bonuses,160,hr,148
alright,10,way,27,let,92,understaffed,12,leaves,33,departments,78,pizza,31,potential,92,full,143,caring,40,workers,152,contract,181,client,32,class,160,manage,148
idk,10,across,27,hire,92,projects,12,annual,33,mental,78,leader,30,student,91,recognition,142,way,40,chance,152,unless,181,absolutely,32,4,160,else,147
cashier,10,benefit,27,completely,92,former,12,huge,33,levels,78,strong,30,organisation,91,raises,141,quite,40,reputation,152,technical,181,everything,32,forward,159,others,147
everything,9,reasonable,27,salaries,91,anymore,12,2,33,since,78,everything,30,medical,91,going,139,marketing,40,program,152,technologies,181,org,32,based,158,extremely,147
end,9,meal,27,10,90,global,12,bank,33,recognition,78,value,30,pros,90,resources,138,covid,40,medical,152,term,180,enjoy,32,recognition,158,amazing,147
workers,9,poor,26,asked,90,downhill,12,covid,33,impossible,78,quite,30,generous,90,pretty,138,cares,40,terms,151,terms,180,talent,32,chance,157,personal,147
lies,9,values,26,positions,90,expectations,12,fair,32,quite,77,awful,29,top,90,flexibility,138,progress,39,know,150,improved,180,entry,31,stable,157,must,146
bully,9,events,26,impossible,89,small,12,senior,32,underpaid,77,normal,29,structure,90,though,138,program,39,kind,150,specific,179,value,31,remote,157,pretty,146
managed,9,cheap,26,proper,88,market,12,getting,32,5,77,leave,29,relatively,90,another,137,focus,39,oriented,150,understaffed,178,delivery,31,pretty,157,months,145
hike,9,come,26,yet,88,valued,12,offer,32,per,76,executive,29,understanding,90,1,137,hotel,39,reasonable,149,competitors,178,even,31,generous,156,areas,145
anymore,9,week,26,treatment,88,advisor,12,ca,32,weeks,76,group,29,services,89,4,136,nothing,39,tools,149,stay,177,store,31,feedback,156,complain,145
shambles,9,parking,26,reason,87,issues,12,commission,32,6,76,bureaucratic,29,workplace,89,highly,136,fresh,39,times,148,early,176,feedback,31,performance,156,area,145
tough,9,cant,26,next,87,cool,12,change,32,others,76,security,29,inclusive,88,changing,136,delivery,39,peers,148,see,175,department,31,improve,156,etc,144
product,9,top,26,values,87,feel,12,structure,32,learn,76,diversity,29,promotion,88,positions,135,vodafone,39,offers,147,hierarchy,175,uni,31,program,156,extra,144
marketing,9,organization,26,makes,86,na,12,room,31,seen,76,changing,29,clear,87,seem,134,group,38,go,147,frequent,174,vision,31,especially,155,something,144
real,9,employment,26,face,86,teams,12,tasks,31,something,76,cv,29,education,87,challenging,134,worker,38,provide,147,months,173,jobs,30,continuous,155,decisions,143
1,9,usually,26,hired,86,red,12,uniform,31,right,75,values,29,progress,86,non,133,curve,38,recognition,147,driven,173,headline,30,leader,155,product,143
world,9,apart,26,direction,86,shift,12,locations,31,food,75,cloud,29,find,86,across,132,improvement,37,rewarding,145,ibm,173,busy,30,supported,155,growing,143
dishonest,9,kind,25,cut,86,product,12,known,31,thing,75,sap,29,3,86,takes,132,based,37,autonomy,145,issue,172,never,30,making,154,gets,142
change,9,horrible,25,short,85,behind,12,focus,31,start,75,hikes,29,set,85,tough,132,clients,37,incentives,144,first,172,exceptional,30,spirit,154,political,142
extremely,9,small,25,list,84,treatment,12,open,31,across,75,hut,29,system,85,ibm,132,getting,37,jobs,144,consulting,170,journey,30,education,154,honestly,141
unfair,9,feel,25,certain,84,needed,12,pays,31,middle,75,advancement,28,meals,85,deal,131,fresher,37,2,144,overall,169,member,30,say,153,made,141
stuck,9,network,25,corporate,83,services,12,guess,31,talent,75,number,28,huge,85,increment,131,places,37,technical,143,middle,169,gain,30,meet,152,maybe,141
mediocre,9,though,25,cons,83,processes,12,grow,31,values,75,asda,28,jobs,84,person,130,future,37,generous,142,since,169,auditor,30,autonomy,152,side,140
bonus,9,recommend,25,means,82,hsbc,12,space,31,knowledge,74,generally,28,inclusion,84,use,130,standard,37,performance,141,pretty,168,much,29,genuinely,152,point,140
past,9,wfh,25,useless,82,undervalued,11,infrastructure,31,looking,74,neutral,28,needed,83,dont,130,changing,37,1,141,terrible,167,looks,29,google,152,store,139
processes,9,peers,25,move,82,store,11,due,31,competitive,74,feedback,28,consulting,83,terms,130,enjoy,36,offices,140,help,167,2,29,areas,151,size,138
future,9,talented,25,tech,82,chaotic,11,general,31,contract,73,potential,28,fairly,83,moving,130,depending,36,departments,140,annual,167,engineering,29,collaboration,151,put,138
customers,9,pto,25,levels,81,focus,11,something,31,seem,73,smart,28,meal,83,talent,130,everyone,36,building,140,tight,167,join,29,pto,151,challenge,138
blame,9,corporate,25,late,81,going,11,quickly,31,gets,73,driven,28,peers,83,easy,130,benefit,36,store,139,almost,165,going,29,store,150,meetings,137
slavery,9,sick,25,unrealistic,81,stable,11,minimum,30,ca,73,store,27,feel,82,comes,129,network,36,average,139,night,164,room,29,ethics,150,tape,137
hire,9,employer,25,far,80,communication,11,services,30,outdated,73,conditions,27,exciting,82,treated,129,internship,36,compared,139,deal,164,way,29,university,150,diversity,137
turnover,9,speak,24,family,80,branch,11,solid,30,far,72,based,27,tools,82,become,128,bt,36,innovation,139,constantly,164,oriented,29,young,150,tasks,136
nhs,9,actually,24,however,80,structure,11,campus,30,large,72,wage,27,early,81,pandemic,128,marriott,36,system,138,area,161,help,29,vision,150,deal,135
micro,9,anyone,24,set,79,trash,11,pandemic,30,home,72,join,27,advancement,81,despite,128,improve,35,potential,137,comes,161,investment,29,range,150,weekend,135
find,9,scheme,24,calls,79,demanding,11,steady,30,anyone,71,world,27,freedom,81,transparency,127,expected,35,future,137,stuck,160,mission,29,encouraged,150,without,135
internal,9,plan,24,bonuses,79,extremely,11,50,30,non,71,india,27,met,80,talk,127,different,35,improve,137,competition,160,cook,29,perfect,149,departments,134
times,9,annual,24,learn,79,boys,11,crew,30,repetitive,70,depending,27,change,80,driven,127,mobility,35,leaves,137,thing,159,fab,28,throughout,149,used,134
self,9,thats,24,favoritism,79,club,11,recognition,30,wrong,70,real,27,see,80,policy,127,however,35,gives,136,increment,159,satisfaction,28,3,148,slightly,134
tech,9,base,24,deloitte,79,org,11,fairly,29,highly,70,investment,27,timings,80,focused,127,bureaucracy,35,enjoyed,135,means,159,hr,28,trust,148,happy,134
member,9,technical,24,whole,78,family,11,1,29,try,69,bonus,27,financial,79,months,127,barclays,35,made,135,pace,158,starter,28,ceo,147,increase,134
rights,8,depending,24,meetings,78,improve,11,hour,29,means,69,things,27,dynamic,79,product,127,account,35,deloitte,134,upper,158,term,28,holiday,147,week,133
managment,8,less,24,per,78,skills,11,departments,29,taken,69,worklife,27,departments,78,away,125,pays,34,spirit,132,improve,157,know,28,put,147,means,132
delivery,8,process,24,poorly,78,upper,11,jobs,29,either,69,university,26,retail,78,holidays,124,1,34,back,130,size,157,stay,28,recommend,146,share,132
lost,8,since,24,slow,78,us,11,stay,28,fast,68,end,26,pays,78,awful,122,coworkers,34,facility,130,available,157,tough,28,find,146,start,131
bias,8,share,23,month,77,guess,11,trainings,28,cost,68,health,26,path,78,path,122,food,34,growing,129,side,156,continuous,28,incentives,145,add,130
willing,8,person,23,expectations,77,gain,10,program,28,able,68,account,26,week,77,zero,121,find,34,varied,129,breaks,156,study,28,intelligent,145,full,130
promotion,8,keep,23,least,77,managed,10,awesome,28,instead,68,freshers,26,could,77,hierarchy,121,policies,33,brilliant,128,outdated,156,health,27,leading,144,remote,130
consultant,8,meeting,23,sick,77,hires,10,community,28,driven,67,focus,26,recognition,77,break,120,sometimes,33,latest,128,highly,155,things,27,2,144,away,129
shop,8,higher,23,changes,77,overtime,10,stability,28,deal,67,accountant,26,program,77,required,120,boring,33,skill,128,cost,153,look,27,system,143,clear,128
ca,8,position,23,progress,76,1,10,technical,28,asked,67,improve,26,never,76,policies,120,experienced,33,bad,127,colleagues,152,internal,27,various,142,free,127
elsewhere,8,stay,23,feedback,76,leaders,10,value,28,term,67,middle,25,stress,76,location,120,innovative,33,ethics,127,leaders,152,low,27,gain,142,intense,127
center,8,quality,23,please,76,specialist,10,area,27,policies,67,reasonable,25,looks,76,deadlines,119,huge,33,timings,127,full,152,knowledge,27,trainings,142,open,125
racism,8,join,23,micro,76,joining,10,end,27,small,67,within,25,low,76,ca,118,processes,33,give,127,use,151,large,27,name,142,hour,124
fine,8,school,23,power,76,outdated,10,though,27,unprofessional,67,hit,25,infrastructure,76,cost,118,secure,32,university,126,legacy,151,network,26,valued,141,hierarchy,124
miserable,8,gsk,23,forced,76,personal,10,per,27,set,66,think,25,gym,75,used,117,cashier,32,conditions,126,transparency,151,plenty,26,1,141,needed,124
use,8,jobs,22,recommend,76,salaries,10,corporate,27,ask,66,teams,25,department,75,meetings,117,org,32,platform,126,con,149,teams,26,sap,141,got,123
horrific,8,progression,22,group,76,highly,10,bonuses,27,two,65,client,25,per,74,partners,117,though,32,early,125,rate,149,supervisor,26,see,140,public,123
financial,8,area,22,happy,76,wages,10,car,27,hiring,65,made,25,chance,74,early,116,resources,32,quickly,125,however,148,general,26,wfh,140,flexibility,123
leader,8,per,22,middle,75,different,10,financial,27,comes,65,chase,25,uniform,74,last,116,products,32,wonderful,125,start,148,barclays,26,events,139,downside,123
improve,8,fair,22,outside,75,talent,10,hr,27,resources,65,basic,24,based,74,favoritism,116,investment,32,scope,124,tiring,148,success,26,shift,139,global,123
show,8,multiple,22,worth,75,software,10,stock,27,cut,64,frustrating,24,offers,74,cut,115,feedback,32,would,124,talent,148,chase,26,promotion,139,colleagues,122
practices,8,busy,22,problem,75,prepared,10,3,27,unfair,64,system,24,healthcare,74,raise,115,yes,31,salaries,124,resources,148,sage,26,plan,139,use,122
understaffed,8,space,22,hiring,75,done,10,genuinely,27,towards,64,5,24,future,74,mobility,115,structure,31,department,124,audit,148,vodafone,26,ideas,139,problem,122
limited,8,meals,22,data,75,path,10,short,27,organisation,64,look,24,none,73,decision,114,community,31,wellbeing,123,used,146,fresh,25,technical,139,contract,122
star,8,hotel,22,said,74,ca,10,curve,27,hired,64,trying,24,leaders,72,however,114,safe,31,consulting,123,recognition,146,strategy,25,going,138,base,122
wages,8,group,22,needs,74,pandemic,10,workplace,27,reviews,64,awesome,24,option,72,might,114,space,31,find,123,policies,145,back,25,scheme,138,skills,122
option,8,stable,22,head,74,disappointed,10,organisation,27,overall,64,fresher,24,hotel,72,proper,114,advancement,31,pace,123,direction,145,welcoming,25,got,138,google,122
call,8,2,22,towards,74,general,10,policy,27,away,63,knowledge,24,going,71,next,113,yet,31,got,120,focused,145,everyone,25,problems,138,path,121
constant,8,open,22,human,73,citi,10,offers,26,flexibility,63,curve,24,try,71,paced,112,lead,31,set,120,dont,144,heart,25,could,137,stay,120
hated,8,might,22,raise,73,always,10,never,26,worth,63,roles,23,conditions,71,weekend,112,day,31,making,119,pandemic,143,impact,25,rewards,137,rate,120
dead,8,respect,22,organisation,73,leader,10,consulting,26,review,63,front,23,pace,70,thing,112,intern,31,student,119,multiple,142,stars,25,apple,137,quickly,120
focused,8,without,22,matter,73,yes,10,salaries,26,proper,63,shift,23,processes,70,available,112,customers,31,talent,119,raises,142,application,25,success,136,bonuses,119
within,8,pizza,22,technical,73,sap,10,rate,26,leaving,63,bureaucracy,23,pandemic,70,hierarchical,111,balanced,31,less,119,1,141,ibmer,25,industries,135,peak,119
2,8,looking,21,huge,72,partner,10,position,26,10,63,got,23,real,70,review,111,steady,31,something,118,away,141,helpful,24,enjoyable,134,impact,119
fair,8,amount,21,room,72,graduate,10,inclusion,26,raise,63,talent,23,incentives,69,set,109,conditions,31,school,118,bank,141,change,24,networking,134,minimum,118
corrupt,8,others,21,understand,72,assurance,10,small,25,deloitte,63,perfect,23,hour,69,red,109,overview,31,never,117,usually,141,driver,24,done,133,report,118
projects,8,department,21,product,72,suitable,10,interview,25,taking,62,call,23,others,69,since,109,stress,31,fairly,117,standard,140,performance,24,approachable,133,org,118
3,8,unless,21,professional,72,amazing,10,lucky,25,let,62,sure,23,learned,69,area,108,phd,31,3,117,peak,140,takes,24,still,133,seen,117
save,8,makes,21,u,72,disorganised,9,feel,25,products,62,former,23,known,69,night,108,morgan,31,needed,116,call,139,leaders,24,offer,133,highly,117
practice,8,extra,21,industry,71,find,9,hotel,25,vision,62,public,23,give,68,lost,108,oriented,30,pays,116,meetings,138,co,24,services,132,give,116
partners,8,especially,21,bully,71,trying,9,modern,25,bureaucracy,62,run,23,getting,68,hiring,108,engineering,30,challenges,116,strong,138,expectations,24,latest,132,scale,116
sell,8,weeks,21,underpaid,71,future,9,keep,25,behind,62,lovely,23,secure,68,micro,107,banker,30,mostly,116,able,137,benefit,23,far,132,complaints,116
walk,8,options,21,negative,71,outside,9,going,25,ibm,62,early,22,highly,68,mostly,107,talent,30,offer,116,person,137,freshers,23,pressure,131,number,116
interview,8,compared,21,friends,71,diversity,9,kind,25,dont,61,honest,22,gives,68,consulting,107,pizza,30,explore,116,last,137,phenomenal,23,terms,130,parking,115
assurance,8,1,21,allowed,71,bag,9,try,25,worse,61,day,22,group,67,competition,107,feel,29,lunch,116,lacking,137,hilton,23,skill,130,although,114
hotel,8,zero,21,chance,71,gone,9,hire,25,certain,61,changed,22,thing,67,favouritism,106,around,29,relatively,115,set,137,loving,22,stock,130,set,114
tesco,8,please,21,white,71,busy,9,chance,25,takes,61,downhill,22,2,67,security,106,progressive,29,happy,115,seem,136,amex,22,proud,130,applicable,114
issues,7,stability,21,ceo,71,rewarding,9,20,24,consulting,61,take,22,think,66,overall,106,package,29,sick,115,advance,135,true,22,programs,130,honest,114
cut,7,awesome,21,cost,71,stuck,9,future,24,focused,61,hotel,22,10,66,means,106,cv,29,use,114,something,135,front,22,peers,130,technologies,114
hill,7,policies,21,knowledge,70,changed,9,especially,24,issue,61,miss,22,position,66,increases,105,driven,29,financial,114,else,134,valued,22,relaxed,129,last,113
desperate,7,residents,21,understaffed,70,standard,9,low,24,however,61,overview,22,coffee,66,wages,105,intense,29,experiences,114,minimal,134,administrator,22,including,129,currently,113
feel,7,unfortunately,21,ridiculous,70,micromanagement,9,facility,24,stuck,61,lead,22,colleague,66,hire,104,recommended,29,try,113,got,134,pace,22,wide,129,care,113
experienced,7,discounted,21,talent,70,turnover,9,done,24,manage,60,though,22,short,66,worst,104,graduates,29,retail,113,left,133,curve,22,experienced,129,1,113
joining,7,earn,21,idea,70,perks,9,look,24,decision,60,promotion,22,helps,66,issue,103,promotion,28,share,113,period,132,fresher,22,sense,129,products,112
atmosphere,7,ibm,21,weekends,70,strong,9,plus,24,feedback,60,junior,22,area,66,mental,103,pandemic,28,allowance,113,weekend,132,uk,22,thing,129,2,112
keep,7,chance,20,nepotism,69,retirement,9,trying,24,minimal,59,fresh,22,higher,65,behind,102,3,28,plan,113,needed,132,simply,22,pros,128,breaks,111
longer,7,real,20,pretty,69,developer,9,processes,24,least,59,build,22,positions,65,standards,102,path,28,helping,112,firms,132,system,22,satisfaction,127,enjoy,111
totally,7,3,20,recognition,69,completely,9,however,24,favouritism,59,say,22,regular,65,staffed,102,settle,28,resume,112,quickly,131,jp,22,edge,127,terms,111
disaster,7,london,20,discrimination,69,changes,9,back,24,group,59,cook,22,age,65,standard,102,us,28,processes,112,staffed,130,different,21,supporting,127,frequent,111
fired,7,offer,20,felt,69,managment,9,employment,24,meetings,59,morgan,22,due,65,stuck,102,explore,28,college,112,review,130,worker,21,vacation,127,driven,110
come,7,away,20,phone,69,dead,9,week,23,month,59,graduates,21,campus,65,competitors,102,uni,28,general,111,services,130,depends,21,stability,126,sure,110
read,7,given,20,either,69,end,9,looking,23,usually,58,keep,21,done,64,tiring,101,public,28,look,111,impact,130,fabulous,21,student,125,problems,109
let,7,stock,20,technology,69,moving,9,ever,23,head,58,enjoyable,21,still,64,start,101,experiences,28,unlimited,111,monotonous,129,healthy,21,conditions,124,perfect,109
changes,7,wonderful,20,lower,68,beginning,9,card,23,pretty,58,beware,21,collaborative,64,feedback,101,5,28,programs,110,strategy,129,making,21,annual,124,family,109
reputation,7,wide,20,compared,68,targets,9,department,23,learning,58,delivery,21,plan,64,tape,101,challenge,28,including,110,found,128,respect,21,deloitte,124,4,107
pays,7,mention,20,problems,68,coworkers,9,build,23,depends,58,without,21,1,63,school,100,satisfied,28,space,110,yearly,128,representative,21,motivated,123,unless,105
bureaucracy,7,networking,20,notice,68,world,9,outside,23,trying,58,lacks,21,love,63,unfair,100,dependent,28,super,110,strict,128,placement,21,mental,122,targets,105
true,7,industries,20,policy,68,quickly,9,seems,23,staffed,57,moving,21,something,63,family,100,helpful,27,looking,109,toxic,128,greatest,21,self,122,person,105
abusive,7,month,20,provide,68,lacks,9,plan,23,multiple,57,1,21,latest,63,least,100,open,27,vision,109,break,127,inspiring,21,helping,122,seems,105
ceo,7,paced,20,trust,68,real,9,deal,23,felt,57,benefit,21,hr,63,chance,100,digital,27,going,109,nice,127,successful,21,extra,121,enjoyed,104
getting,7,healthcare,20,offer,68,wrong,9,banking,23,promote,57,line,21,unlimited,63,impossible,100,centric,27,put,108,base,126,demanding,20,salaries,121,competitors,104
performance,7,challenging,20,overall,67,costs,9,intelligent,23,lead,57,ups,21,university,63,treat,100,challenges,27,rate,108,perks,126,think,20,engagement,121,current,104
biased,7,future,20,behind,67,left,9,set,23,wages,57,opinion,21,oracle,63,run,99,resume,27,enjoyable,108,underpaid,125,makes,20,thinking,121,technical,104
sinking,7,grow,20,looking,67,bonus,9,understanding,23,positions,57,director,21,close,62,able,99,launch,27,real,108,value,125,say,20,responsibility,120,strict,103
ship,7,bonuses,19,comes,67,even,9,oracle,23,notice,56,supportive,21,end,62,retail,99,end,27,enough,108,must,124,partner,20,unlimited,120,standard,103
touch,7,financial,19,holidays,67,rude,9,parties,22,school,56,never,20,hourly,61,look,99,changes,27,area,108,health,124,open,20,months,119,sap,103
executive,7,needed,19,safety,67,hike,9,along,22,become,56,fantastic,20,general,61,nice,99,transformation,27,thing,108,partners,123,ethics,20,needed,119,except,102
last,7,let,19,unfair,67,cv,9,whole,22,hikes,56,performance,20,break,61,lead,99,salesforce,27,infrastructure,108,micro,122,star,20,offices,118,period,102
favoritism,7,try,19,become,67,load,9,latest,22,mean,56,making,20,looking,61,contract,98,admin,26,forward,107,products,122,wow,20,building,118,mobility,102
centre,7,single,19,taking,67,possible,8,share,22,completely,56,microsoft,20,helping,61,base,98,used,26,impact,107,trying,121,summer,20,strategy,117,super,102
data,7,although,19,sometimes,67,rubbish,8,entry,22,transparency,56,uk,20,driven,61,longer,98,lack,26,getting,106,typical,121,ethical,20,sure,117,line,100
middle,7,range,19,true,67,probably,8,depends,22,early,55,stuck,20,provide,61,services,97,direction,26,respect,106,policy,121,technologies,20,keep,117,ok,100
developers,7,online,19,multiple,67,heavy,8,equipment,22,blame,55,turnover,20,experiences,61,frequent,97,grad,26,healthy,106,behind,120,accountant,20,tasks,117,standards,100
standards,7,20,19,atmosphere,67,dependent,8,regular,22,half,55,loved,20,locations,61,usually,97,workers,26,makes,105,tend,120,solution,20,area,116,resources,100
huge,7,hire,19,across,66,questionable,8,local,22,might,55,apple,20,research,61,else,97,forward,26,campus,105,non,119,stability,19,5,116,bank,99
easy,7,retail,19,basically,66,treat,8,somewhat,22,workplace,55,centre,20,works,61,matter,97,looks,26,still,104,negative,119,extremely,19,set,116,middle,99
especially,7,recognition,19,managed,66,cook,8,probably,22,problem,55,center,20,super,61,multiple,96,strategy,26,week,103,workers,119,onboarding,19,mission,116,requires,98
badly,7,local,19,possible,66,positive,8,develop,22,bureaucratic,55,experiences,20,tasks,61,bank,95,terrible,26,experienced,103,slightly,119,chain,19,platform,116,nature,98
glad,7,salaries,19,daily,66,got,8,put,22,unpaid,55,avoid,20,keep,61,instead,95,representative,26,professionals,103,admin,118,london,19,position,115,challenges,98
months,7,another,19,transparency,66,let,8,membership,22,changing,55,lacking,20,stock,60,knowledge,95,pace,26,higher,102,another,118,american,19,medical,115,information,97
progress,7,look,19,strategy,66,lacking,8,tips,22,managed,54,constant,20,5,60,told,94,employers,26,welcoming,102,yet,118,express,19,come,114,tight,97
citi,7,sure,19,believe,65,choose,8,drinks,22,face,54,big4,20,use,60,feels,94,headline,26,healthcare,102,3,118,transformation,19,solid,114,typical,97
outside,7,curve,19,departments,65,home,8,super,22,changed,54,free,20,structured,59,areas,94,mission,26,gym,101,improvement,117,satisfied,19,think,114,hierarchical,97
project,7,lack,19,deal,65,fair,8,learned,22,policy,54,clients,20,space,59,needed,94,b,26,leader,101,although,117,excelent,19,needs,114,leaders,97
busy,7,happy,18,wages,65,inconsistent,8,ibm,22,current,54,understaffed,20,steady,59,manage,93,class,26,leading,101,frustrating,117,lives,19,quickly,113,term,96
public,7,lower,18,learning,65,head,8,prestige,22,hierarchy,54,satisfaction,20,innovative,59,someone,93,meh,26,levels,101,increases,117,path,19,individual,113,ever,96
believe,7,thought,18,focus,65,glad,8,education,22,layoffs,54,next,20,salaries,59,weeks,93,name,26,could,101,risk,117,notch,19,purpose,113,offices,96
market,7,far,18,manage,64,bottom,8,progress,21,attitude,53,secure,20,accounting,59,numbers,93,building,25,seniors,101,innovation,117,comfortable,19,colleague,112,positive,95
brutal,7,leaving,18,seem,64,standards,8,retail,21,available,53,okayish,20,enjoyable,58,5,93,making,25,position,101,mostly,117,enviroment,19,passionate,112,relatively,95
recognition,7,mostly,18,point,64,twice,8,mostly,21,daily,53,another,19,performance,58,ever,93,asda,25,tasks,101,package,116,junior,19,together,111,space,95
nope,7,months,18,hike,64,fashioned,8,happy,21,cares,53,sometimes,19,little,58,innovation,93,scheme,25,engagement,100,scale,115,point,19,starting,111,calls,95
talk,7,city,18,decisions,63,excellent,8,basic,21,allowed,53,future,19,offer,58,leads,93,variety,25,investment,100,overworked,114,admin,19,scale,111,sometime,94
young,7,technologies,18,experienced,63,giant,8,highly,21,standard,53,comfortable,19,crew,58,annual,93,quick,25,stock,100,junior,114,3,19,ways,111,firms,94
jobs,7,mind,18,security,63,play,8,meeting,21,wo,53,hospitality,19,rewarding,57,calls,93,ground,25,enjoy,99,standards,114,challenges,19,scope,110,advancement,93
overrated,7,areas,18,small,63,negative,8,us,21,offer,53,supervisor,19,quick,57,technologies,93,current,25,involved,98,financial,114,banker,19,transparency,110,multiple,93
wrong,7,locations,18,able,63,terms,8,talent,21,moving,53,temp,19,teammates,57,admin,92,travel,25,keep,98,wages,113,blue,19,levels,109,starting,92
marriott,7,system,18,started,63,account,8,often,21,increases,53,promotions,19,making,57,taking,92,director,25,hotel,98,feels,113,mobility,19,encouraging,109,constantly,92
pizza,7,potential,18,saying,63,call,8,consistent,21,needed,53,rating,19,courses,57,layoffs,92,enviroment,25,hike,98,overwhelming,113,public,19,treated,109,tools,92
things,6,paycheck,18,resources,62,centre,8,next,21,complete,52,grad,19,tips,57,something,92,hike,25,low,98,cut,111,10,19,wage,108,vary,92
ask,6,avoid,18,free,62,due,8,simple,21,friends,52,intense,19,responsibility,56,wo,92,super,25,us,98,hit,111,alright,19,10,108,negatives,91
reward,6,seen,18,sucks,62,mentally,8,helping,21,yet,51,poorly,19,used,56,legacy,92,rating,25,teammates,98,intense,111,pizza,19,salesforce,108,turnover,91
driven,6,willing,18,world,62,say,8,multiple,21,longer,51,downs,19,canteen,56,young,90,knowledge,25,breaks,95,felt,111,asda,18,jobs,107,security,90
branch,6,talk,18,india,62,feedback,8,5,21,past,51,processes,19,fresh,56,point,90,primark,25,collaboration,95,public,110,leave,18,possible,107,actually,90
hills,6,membership,18,micromanagement,62,respect,8,terms,21,security,51,package,19,scope,56,holiday,90,roles,24,self,95,looking,110,side,18,person,107,commute,90
honest,6,half,18,period,61,hotel,8,offered,21,reason,51,internship,19,put,56,try,89,junior,24,stress,95,rigid,110,within,18,investment,107,policy,89
worker,6,old,18,gets,61,numbers,8,operations,21,incompetent,51,behind,19,wonderful,56,poorly,89,every,24,edge,95,next,109,officer,18,mindset,106,london,89
exploitation,6,hired,18,wo,61,test,8,easily,21,treatment,51,last,19,line,56,meet,89,early,24,possible,95,challenge,109,average,18,constant,106,periods,89
labour,6,departments,18,sell,61,keep,8,levels,21,useless,51,challenges,19,intelligent,56,travel,89,location,24,line,94,moment,108,run,18,cutting,106,policies,89
lie,6,modern,17,racism,61,definitely,8,provide,21,valued,51,recognition,19,online,56,values,89,begin,24,activities,94,org,108,products,18,outstanding,106,expensive,89
unorganized,6,waste,17,abuse,61,door,8,hourly,21,schedule,51,ca,19,alot,55,complex,89,10,24,meals,94,global,108,especially,18,amount,106,quality,88
perks,6,weekends,17,highly,61,sure,8,actually,20,several,51,uni,19,growing,55,lacking,89,trying,24,outside,94,plan,108,based,18,loads,105,improvement,88
die,6,friday,17,boring,61,atmosphere,8,least,20,season,51,jp,19,enjoyed,55,junior,88,accountant,24,5,94,free,108,launch,18,infrastructure,105,looking,88
scope,6,works,17,goes,60,wouldnt,8,since,20,side,50,marriott,19,deloitte,55,yet,88,collaborative,24,quick,93,hiring,107,workers,18,safe,105,legacy,88
lacking,6,pressure,17,increase,60,flexibility,8,parking,20,appreciation,50,primark,19,workload,54,control,88,technologies,24,comfortable,93,security,106,center,18,helps,105,nights,87
security,6,generous,17,women,60,3,8,match,20,sure,50,others,18,simple,54,advance,88,ms,24,problems,93,someone,106,experiences,18,others,104,perks,87
apple,6,program,17,fake,60,exposure,8,contract,20,calls,50,chaotic,18,entry,54,hectic,87,jp,24,short,93,experienced,106,former,18,safety,104,increment,87
move,6,tools,17,night,59,deal,8,helps,20,investment,50,days,18,facility,54,leaving,87,uk,23,loved,93,navigate,106,rewards,18,due,104,fun,86
another,6,option,17,average,59,contract,8,anything,20,tell,50,repetitive,18,minimum,53,month,87,systems,23,motivated,93,raise,106,choice,18,ey,104,feet,86
learn,6,regular,17,show,59,investment,8,tools,20,point,49,admin,18,outside,53,mean,87,enterprise,23,done,92,group,106,put,18,approach,103,rather,86
unorganised,6,u,17,products,59,relationship,8,become,20,goals,49,overtime,18,meeting,53,future,86,human,23,sense,92,local,106,months,18,towards,103,achieve,86
mentally,6,clean,17,sense,59,university,8,leaders,20,said,49,steady,18,everything,53,monotonous,86,heavy,23,ethic,92,options,106,next,18,enviroment,103,speak,85
scheme,6,fairly,17,tasks,59,employment,8,teamwork,20,annual,49,recruitment,18,else,53,vision,86,line,23,extremely,92,nights,105,standards,17,constantly,103,services,85
treats,6,point,17,fit,58,give,8,without,20,minute,49,unless,18,lucky,53,listen,85,play,23,steep,92,family,105,honest,17,since,102,break,84
promotions,6,leaves,17,behaviour,58,appreciation,8,freedom,20,listen,49,past,18,yearly,53,negative,85,performance,23,oracle,92,offer,105,travel,17,processes,102,feels,84
grow,6,change,17,harassment,58,special,8,mobility,20,understand,48,far,18,possible,53,strict,85,advance,23,feedback,91,professional,105,unique,17,experiences,102,5,84
developer,6,almost,17,actual,58,freshers,8,wonderful,20,micro,48,policy,18,activities,53,bullying,85,plenty,23,end,91,problem,104,kind,17,healthcare,102,hiring,84
companies,6,students,17,close,58,satisfaction,8,promotion,20,incredibly,48,vision,18,50,53,dealing,85,within,23,incredible,91,point,104,difficult,17,wlb,102,individual,84
shambolic,6,christmas,16,annual,58,lost,8,age,20,load,48,exciting,18,share,52,products,85,branch,23,workload,91,upward,104,professionals,17,varied,101,similar,83
burn,6,spend,16,lazy,58,cloud,8,platform,20,hires,48,settle,18,experienced,52,respect,84,real,23,mentorship,91,open,103,line,17,without,101,frustrating,83
everyone,6,difficult,16,heavy,58,increment,8,system,19,show,48,experienced,18,improve,52,goals,84,leading,23,helps,90,individual,103,centre,17,important,101,local,83
former,6,supervisors,16,fired,57,0,8,making,19,feels,48,test,18,easily,52,appreciation,84,four,23,structured,90,current,102,test,17,anything,101,review,83
live,6,college,16,issue,57,pizza,8,floor,19,push,48,due,18,leader,52,side,84,temp,23,usually,90,major,102,human,17,space,100,understaffed,82
turn,6,build,16,advancement,57,elsewhere,7,enjoyable,19,software,48,recommended,18,platform,52,impact,83,foundation,23,choose,90,members,101,challenge,17,works,100,3,82
promises,6,weekly,16,promote,57,tedious,7,possibility,19,chance,48,around,18,standard,52,10,83,shift,23,ceo,90,towards,101,resources,17,nothing,100,annoying,82
redundant,6,rewarding,16,attitude,57,given,7,clean,19,experienced,48,partner,18,drinks,51,perks,83,hut,23,number,90,meet,100,experienced,17,enough,100,innovation,82
fun,6,plus,16,trained,57,transparency,7,connections,19,free,47,customers,18,modern,51,professional,83,prospects,22,cloud,90,london,100,compliance,17,leaves,99,slower,82
around,6,interview,16,consulting,57,across,7,positions,19,literally,47,google,18,extremely,51,peak,83,got,22,regular,89,offices,99,trust,17,anyone,99,mostly,82
potential,6,fine,16,single,57,nightmare,7,fine,19,forced,47,head,17,car,51,sure,83,london,22,hour,89,relatively,99,awsome,17,comfortable,98,talent,82
sad,6,fantastic,16,bank,57,crap,7,values,19,holidays,47,also,17,deal,51,audit,83,worklife,22,class,89,expectation,99,hut,17,looked,98,seem,82
micromanagement,6,organisation,16,joining,57,walk,7,pace,19,whole,47,else,17,enjoy,51,problems,82,hospitality,22,see,89,internally,99,intense,16,goals,98,understand,82
large,6,trying,16,interview,57,offer,7,audit,19,services,47,cost,17,comfortable,51,strong,82,put,22,wlb,89,knowledge,98,indeed,16,pace,97,friendly,81
disappointed,6,highly,16,longer,56,clients,7,weeks,19,base,47,put,17,laid,51,group,82,terms,22,courses,88,whole,98,ca,16,issues,97,wish,81
reason,6,two,16,stuck,56,crazy,7,quality,19,negative,47,wonderful,17,exit,51,taken,82,blue,22,small,88,understand,97,architect,16,generally,97,future,81
dreadful,6,crew,16,half,56,professional,7,months,19,12,46,bills,17,almost,51,trying,81,due,22,women,88,feedback,96,move,16,bank,97,date,80
compared,6,clear,16,wants,56,accountant,7,online,19,responsibility,46,program,17,often,51,responsibilities,81,think,22,encouraged,87,calls,96,gig,16,inspiring,97,live,80
mixed,6,solid,16,flexibility,56,corporation,7,inclusive,19,thinking,46,done,17,autonomy,50,alot,81,supervisor,22,looks,87,movement,96,find,16,microsoft,97,month,80
mgmt,6,learned,15,leads,56,far,7,pick,19,managing,46,come,17,small,50,ok,81,relaxed,22,plus,87,till,95,poor,16,regular,96,network,80
system,6,mates,15,ignored,56,benefit,7,unlimited,19,feeling,46,location,17,oriented,50,head,80,moving,22,individuals,87,kind,95,temp,16,lunch,96,general,80
felt,6,pick,15,might,56,ways,7,advancement,19,speak,46,terms,17,knowledgeable,50,ways,80,ba,22,hikes,87,hire,95,around,16,everyday,96,meet,79
least,6,similar,15,terms,56,b,7,safe,19,plan,46,network,17,employer,50,seen,80,center,22,colleague,86,easily,95,miss,16,401k,96,usually,79
due,6,equipment,15,yes,55,absolutely,7,public,19,ways,46,us,17,finance,49,looking,80,cbre,22,offered,86,peers,95,need,16,advance,96,fine,79
yes,6,co,15,email,55,warehouse,7,living,18,absolutely,46,barclays,17,relationships,49,crazy,80,driver,22,ample,86,responsibilities,95,relaxed,16,retail,95,strategy,79
overtime,6,partners,15,limited,55,shop,7,away,18,basically,46,style,17,say,49,felt,79,big4,22,supported,86,proper,94,enough,16,looks,95,particular,79
layoffs,6,facility,15,policies,55,companies,7,line,18,innovation,46,shop,16,offered,49,actual,79,options,21,partners,86,goals,94,social,16,share,95,upper,79
big4,6,save,15,questions,55,knowledge,7,graduate,18,partner,46,warehouse,16,stay,49,upward,79,co,21,think,85,works,94,less,16,explore,95,wrong,79
something,6,love,15,thought,55,banking,7,autonomy,18,possible,45,growing,16,issues,49,scope,79,stability,21,co,85,sometime,94,grads,16,attitude,94,almost,79
suck,6,line,15,12,55,vision,7,workload,18,junior,45,started,16,leading,49,friendly,79,dream,21,ideas,85,remote,94,matters,16,compared,94,contracts,78
